Var210_embed_0,Var210_embed_1,Var210_embed_2,Var210
0.113929026,0.037291642,-0.09465387,3av_
0.039149005,-0.004452017,0.0237878,7A3j
-0.014022555,-0.01966364,0.015986264,DM_V
-0.08133193,-0.06683597,0.096463464,g5HH
-0.06667605,-0.0560359,0.06722901,oT7d
0.26808628,0.21867207,-0.15258472,uKAI
