Var227_embed_0,Var227_embed_1,Var227_embed_2,Var227_embed_3,Var227
-0.15759169,-0.12021566,-0.117651895,-0.14775844,02N6s8f
-0.11862713,-0.069223486,-0.0488978,-0.103865795,6fzt
-0.07561515,-0.10901696,-0.09605756,-0.070306234,RAYp
-0.16503261,-0.08625094,-0.10128067,-0.13830304,ZI9m
-0.089112066,-0.07282715,-0.039303884,-0.11555481,nIGXDli
-0.011692739,-0.023045793,-0.0002268209,-0.0435103,nIGjgSB
-0.10714136,-0.091974325,-0.11666561,-0.121563375,vJ_w8kB
