Var221_embed_0,Var221_embed_1,Var221_embed_2,Var221_embed_3,Var221
0.088726796,0.091011204,0.062300164,-0.10659333,Al6ZaUT
0.038255893,0.1220358,0.021897387,-0.052825667,JIiEFBU
0.07456173,0.07159924,0.06475094,-0.04493867,QKW8DRm
0.12369858,0.103528656,0.04302426,-0.13449223,d0EEeJi
0.034671742,0.072049364,0.00701753,-0.1135603,oslk
-0.005027333,0.012760167,0.018283568,0.028469436,z4pH
0.08978227,0.11152478,0.1281614,-0.14451864,zCkv
