Var203_embed_0,Var203_embed_1,Var203_embed_2,Var203
0.16577972,0.17155,0.11325896,9_Y1
0.02196908,0.046725668,0.016197925,F3hy
0.024322743,-0.030249983,0.008881238,HLqf
-0.017958248,0.025900478,-0.0035967727,dgxZ
0.053592753,0.026699178,0.026601017,nan
0.03326303,0.025539529,0.030772863,pybr
